661,Ilario,Seddon,iseddonic@arstechnica.com,11/25/1962
662,Selig,Northey,snortheyid@yandex.ru,11/16/1983
663,Cynthea,Bradbeer,cbradbeerie@yellowpages.com,10/18/1950
664,Hallsy,Obin,hobinif@stanford.edu,6/3/1942
665,Rhoda,Mordacai,rmordacaiig@tripod.com,5/9/1998
666,Essa,Lamswood,elamswoodih@tinyurl.com,4/30/1961
667,Reg,Musico,rmusicoii@arizona.edu,10/9/1974
668,Linnea,Kingdon,lkingdonij@bloglovin.com,4/27/1971
669,Tersina,Stoate,tstoateik@soundcloud.com,10/19/1973
670,Ashien,Blondel,ablondelil@bing.com,6/1/1954
671,Deeanne,Troctor,dtroctorim@posterous.com,12/26/1956
672,Ruby,Verick,rverickin@state.gov,11/22/1954
673,Eachelle,Grover,egroverio@dyndns.org,10/10/1980
674,Jonathan,Dominetti,jdominettiip@sciencedirect.com,5/18/1982
675,Symon,Dowley,sdowleyiq@qq.com,9/28/1971
676,Germain,Ferres,gferresir@live.com,4/23/1974
677,Isadora,Lerwill,ilerwillis@hatena.ne.jp,11/7/1955
678,Donavon,Filliskirk,dfilliskirkit@auda.org.au,12/24/2000
679,Todd,Cantua,tcantuaiu@typepad.com,10/14/1946
680,Lionello,Antley,lantleyiv@va.gov,12/23/1989
681,Mella,Thornally,mthornallyiw@intel.com,5/29/1979
682,Kirstyn,Orwin,korwinix@google.ru,10/16/1935
683,Ileane,Marti,imartiiy@tumblr.com,8/2/1946
684,Olivia,Feye,ofeyeiz@google.it,2/8/1957
685,Ambros,Alston,aalstonj0@nydailynews.com,4/7/2001
686,Dorette,Eldin,deldinj1@posterous.com,3/20/1942
687,Linzy,Meneghelli,lmeneghellij2@yolasite.com,7/26/1939
688,Lorettalorna,Stockill,lstockillj3@bigcartel.com,7/27/1960
689,Mohandis,Stych,mstychj4@cafepress.com,6/2/1943
690,Elissa,Lethebridge,elethebridgej5@nymag.com,2/24/1957
691,Berry,Fitzroy,bfitzroyj6@marriott.com,3/7/1961
692,Fern,Kermannes,fkermannesj7@squarespace.com,4/22/1970
693,Tymothy,Rafe,trafej8@furl.net,12/31/1976
694,Aksel,Ickov,aickovj9@uol.com.br,4/21/1952
695,Babb,Parradine,bparradineja@issuu.com,11/24/1950
696,Teodorico,Rosenstengel,trosenstengeljb@globo.com,12/17/1947
697,Genovera,Wones,gwonesjc@ft.com,10/21/1974
698,Drud,Ingon,dingonjd@meetup.com,1/12/1953
699,Patten,Stinson,pstinsonje@hud.gov,3/6/1979
700,Phillie,Megarry,pmegarryjf@apache.org,10/25/1980
701,Amalia,Martschke,amartschkejg@bluehost.com,3/22/1987
702,Carlo,Ilyushkin,cilyushkinjh@google.com.au,8/25/1980
703,Lucinda,Upton,luptonji@cisco.com,6/29/1993
704,Barny,Moynihan,bmoynihanjj@discovery.com,7/20/1993
705,Kipper,Gheraldi,kgheraldijk@ox.ac.uk,5/22/1956
706,Emlen,Bosanko,ebosankojl@twitpic.com,5/5/1982
707,Robbie,de Copeman,rdecopemanjm@godaddy.com,2/13/1938
708,Danie,Dowrey,ddowreyjn@gravatar.com,6/23/1959
709,Caitrin,Agglio,caggliojo@bigcartel.com,7/14/1972
710,Ricki,Garnham,rgarnhamjp@usgs.gov,11/26/1985
711,Sacha,Benger,sbengerjq@issuu.com,10/5/1994
712,Chantalle,Barter,cbarterjr@usatoday.com,8/2/1984
713,Merrielle,FitzGilbert,mfitzgilbertjs@nba.com,7/10/1994
714,Tyler,Rickardes,trickardesjt@icio.us,12/15/1942
715,Arvy,Ebbrell,aebbrellju@statcounter.com,3/16/1950
716,Lorne,Screase,lscreasejv@answers.com,7/1/1961
717,Dene,Robbey,drobbeyjw@digg.com,9/11/1999
718,Jaimie,Percival,jpercivaljx@qq.com,7/27/1945
719,Gail,Switzer,gswitzerjy@biblegateway.com,6/30/1935
720,Livy,Forbes,lforbesjz@nationalgeographic.com,4/6/1975
721,Kore,Romanet,kromanetk0@cnet.com,9/22/1954
722,Tuesday,Bouzek,tbouzekk1@imageshack.us,6/30/1935
723,Alard,Smitham,asmithamk2@nydailynews.com,2/4/1944
724,Sharron,Blonfield,sblonfieldk3@vkontakte.ru,2/4/1965
725,Ethelyn,Ivakhin,eivakhink4@vimeo.com,5/12/1976
726,Charyl,Manklow,cmanklowk5@wikia.com,9/28/1944
727,Wilfrid,Rideout,wrideoutk6@gravatar.com,3/9/1972
728,Susannah,Siddle,ssiddlek7@wikipedia.org,11/21/1999
729,Noah,Korb,nkorbk8@shareasale.com,8/29/1938
730,Leyla,Andrick,landrickk9@ihg.com,12/7/1971
731,Clare,Alfonsetto,calfonsettoka@thetimes.co.uk,1/10/1995
732,Sadie,Midgley,smidgleykb@army.mil,6/13/1965
733,Hewe,Firbank,hfirbankkc@blogger.com,5/27/1999
734,Bibi,Severs,bseverskd@utexas.edu,11/23/1970
735,Ruperto,Cornell,rcornellke@usa.gov,12/11/1944
736,Ransell,Ranald,rranaldkf@miibeian.gov.cn,2/14/1940
737,Belinda,Gosz,bgoszkg@tamu.edu,11/1/1998
738,Conway,Crowcroft,ccrowcroftkh@symantec.com,6/28/1982
739,Milo,Fahrenbach,mfahrenbachki@google.cn,9/10/1989
740,Ilise,Kyneton,ikynetonkj@mac.com,4/6/1956
741,Jermaine,Pond,jpondkk@umich.edu,1/11/1954
742,Dix,Tinkler,dtinklerkl@indiegogo.com,2/2/1986
743,Carma,Bartol,cbartolkm@vinaora.com,2/19/1976
744,Tremayne,Tichelaar,ttichelaarkn@unicef.org,9/25/1979
745,Igor,Downgate,idowngateko@4shared.com,1/21/1953
746,Margarethe,Sudell,msudellkp@acquirethisname.com,5/13/1950
747,Florri,Pryce,fprycekq@spiegel.de,4/29/1973
748,Tanya,Brauner,tbraunerkr@g.co,8/13/1949
749,Merrily,Mayze,mmayzeks@theglobeandmail.com,12/12/1935
750,Kori,Fisbey,kfisbeykt@amazon.co.uk,9/15/1997
751,Nelia,Webby,nwebbyku@yolasite.com,11/8/1944
752,Lulu,Leonardi,lleonardikv@acquirethisname.com,4/2/1992
753,Irena,Dyers,idyerskw@sbwire.com,6/3/1961
754,Micheline,Jukes,mjukeskx@multiply.com,9/9/1986
755,Ewell,Doram,edoramky@example.com,11/23/1943
756,Madelon,Alenin,maleninkz@cloudflare.com,12/20/1996
757,Garvey,Chaudret,gchaudretl0@baidu.com,6/26/1949
758,Reggi,Tipping,rtippingl1@discuz.net,3/16/1992
759,Catlee,Twidale,ctwidalel2@freewebs.com,8/16/1988
760,Alfredo,Moscon,amosconl3@tripadvisor.com,11/16/1959
761,Harlie,Penticost,hpenticostl4@alibaba.com,7/24/1972
762,Sammy,Gergler,sgerglerl5@multiply.com,2/26/1973
763,Erin,Kornilyev,ekornilyevl6@youku.com,10/23/1942
764,Ichabod,Leebeter,ileebeterl7@pagesperso-orange.fr,8/26/1959
765,Ambrosio,Barthorpe,abarthorpel8@phoca.cz,5/7/2000
766,Tyrus,Tate,ttatel9@godaddy.com,5/11/1946
767,Cicely,Rummery,crummeryla@fema.gov,11/4/1945
768,Janka,Vater,jvaterlb@prweb.com,5/2/1952
769,Calvin,Ginnaly,cginnalylc@flickr.com,9/25/1986
770,Cynthy,Ruddock,cruddockld@about.me,6/25/1955
771,Estele,Philcox,ephilcoxle@godaddy.com,12/20/1945
772,Libbie,Bourley,lbourleylf@nps.gov,8/19/1998
773,Maighdiln,Brunone,mbrunonelg@guardian.co.uk,4/11/1999
774,Zebulen,Roscow,zroscowlh@cafepress.com,3/17/1995
775,Stesha,Simons,ssimonsli@cornell.edu,4/21/1991
776,Ibby,Semrad,isemradlj@about.me,5/11/1957
777,Leonardo,Yorston,lyorstonlk@boston.com,5/14/1963
778,Aldrich,Checcucci,acheccuccill@wikispaces.com,6/24/1952
779,Clemmy,Harmond,charmondlm@delicious.com,5/25/1988
780,Demetris,Sterricker,dsterrickerln@e-recht24.de,8/8/1947
781,Emmet,Uc,euclo@indiatimes.com,10/21/1967
782,Perkin,Paddeley,ppaddeleylp@furl.net,4/1/1946
783,Nicko,Spondley,nspondleylq@tamu.edu,5/30/1980
784,Corri,Hesey,cheseylr@loc.gov,12/3/1992
785,Bennett,Schulz,bschulzls@noaa.gov,3/3/1972
786,Jania,Khrishtafovich,jkhrishtafovichlt@theglobeandmail.com,1/23/1956
787,Jaquelyn,Lavalle,jlavallelu@lulu.com,3/9/1945
788,Wallache,Glencrash,wglencrashlv@youtube.com,10/13/1989
789,Jess,Prest,jprestlw@friendfeed.com,8/21/1993
790,Charmion,Gadsby,cgadsbylx@cdbaby.com,11/5/1947
791,Randi,Petch,rpetchly@flavors.me,7/20/1994
792,Arlin,Tapin,atapinlz@netvibes.com,12/18/1957
793,Orrin,Farley,ofarleym0@taobao.com,7/27/1995
794,Morgan,Peizer,mpeizerm1@bbc.co.uk,2/4/1960
795,Bartholomeus,Mandrake,bmandrakem2@shinystat.com,9/11/1966
796,Meredeth,Snazel,msnazelm3@dmoz.org,11/16/1941
797,Nedda,Noorwood,nnoorwoodm4@desdev.cn,4/16/1969
798,Ronny,Bendig,rbendigm5@nifty.com,6/26/1974
799,Ellyn,Tutchener,etutchenerm6@hugedomains.com,7/28/1959
800,Gene,Balden,gbaldenm7@samsung.com,10/28/1990
801,Neila,Gregore,ngregorem8@yellowbook.com,4/20/1998
802,Hebert,Ghiron,hghironm9@google.com.br,11/1/1952
803,Cahra,Jendas,cjendasma@nyu.edu,6/27/1963
804,Britte,Lampens,blampensmb@cmu.edu,6/22/1965
805,Sonnie,Peres,speresmc@cbslocal.com,9/20/1941
806,Pansie,Deadman,pdeadmanmd@tinyurl.com,6/9/1960
807,Christabella,Bullant,cbullantme@nifty.com,3/1/1979
808,Vernor,Radbone,vradbonemf@squarespace.com,8/18/1943
809,Adolphus,Seally,aseallymg@geocities.jp,2/26/1941
810,Mylo,Clell,mclellmh@prnewswire.com,9/14/1994
811,Bellina,Coleson,bcolesonmi@netscape.com,6/12/1954
812,Nap,McDill,nmcdillmj@youku.com,2/8/2001
813,Warden,Sends,wsendsmk@studiopress.com,8/13/1976
814,Towney,Wase,twaseml@fastcompany.com,7/9/1952
815,Stephan,Rilton,sriltonmm@google.com,6/27/1970
816,Jasmine,Quincey,jquinceymn@seesaa.net,11/3/1963
817,Farah,Flippini,fflippinimo@cornell.edu,4/16/1968
818,Omero,Gane,oganemp@imgur.com,3/28/1999
819,Miguelita,Law,mlawmq@posterous.com,5/10/1937
820,Hobey,Fearby,hfearbymr@examiner.com,11/5/1936
821,David,Novacek,dnovacekms@miitbeian.gov.cn,11/26/1938
822,Brock,Ruddiforth,bruddiforthmt@upenn.edu,9/23/1978
823,Goran,Antunes,gantunesmu@soundcloud.com,8/27/1996
824,Town,Blinkhorn,tblinkhornmv@sciencedirect.com,5/22/1985
825,Reese,Schoroder,rschorodermw@nhs.uk,7/9/1952
826,Katrine,Haskayne,khaskaynemx@1und1.de,5/13/1952
827,Bartlett,Mouland,bmoulandmy@cmu.edu,12/25/1976
828,Bordie,Clohessy,bclohessymz@wordpress.org,1/20/1976
829,Towny,Goundry,tgoundryn0@geocities.com,7/21/1993
830,Isabeau,Gosselin,igosselinn1@shinystat.com,6/11/1934
831,Pamella,Greenroad,pgreenroadn2@tuttocitta.it,5/12/1961
832,Ransom,Bloomer,rbloomern3@hp.com,12/4/1939
833,Kerianne,Kiehnlt,kkiehnltn4@domainmarket.com,3/2/1983
834,Becca,Pawlyn,bpawlynn5@springer.com,5/15/1986
835,Tomasine,Gilsthorpe,tgilsthorpen6@elpais.com,11/8/1961
836,Larisa,Grenville,lgrenvillen7@google.com.hk,6/14/1973
837,Rahel,Christin,rchristinn8@nifty.com,10/23/1986
838,Sandor,McPhelimy,smcphelimyn9@oakley.com,8/8/1965
839,Gabriello,Petyakov,gpetyakovna@altervista.org,11/13/1964
840,Forrester,Scollan,fscollannb@hp.com,1/6/1981
841,Kylynn,Ree,kreenc@illinois.edu,6/30/1970
842,Thorstein,Gotthard.sf,tgotthardsfnd@springer.com,11/4/1994
843,Roxane,Grassick,rgrassickne@com.com,3/14/1954
844,Mattias,Sauven,msauvennf@theatlantic.com,12/12/1967
845,Rebeca,Oxbrough,roxbroughng@mozilla.com,1/6/2000
846,Keri,Coomber,kcoombernh@google.fr,5/28/1953
847,Taddeo,Ortells,tortellsni@wufoo.com,8/13/1956
848,Carol-jean,Luty,clutynj@creativecommons.org,12/20/1939
849,Kaine,Yushmanov,kyushmanovnk@youku.com,2/7/1983
850,Roxana,Evamy,revamynl@printfriendly.com,2/28/1997
851,Roxana,Stanett,rstanettnm@google.de,10/24/1962
852,Roxana,Oury,rourynn@microsoft.com,10/28/1987
853,Zabrina,Jarmaine,zjarmaineno@qq.com,4/9/1982
854,Brear,Bendle,bbendlenp@netvibes.com,11/3/1937
855,Samantha,Heath,sheathnq@desdev.cn,3/1/1965
856,Olivette,Josilowski,ojosilowskinr@spiegel.de,3/18/1996
857,Florian,Manktelow,fmanktelowns@sitemeter.com,2/29/1984
858,Elaine,Buckenham,ebuckenhamnt@guardian.co.uk,11/21/1948
859,Herby,Batsford,hbatsfordnu@ask.com,11/1/1961
860,Benson,Rubertis,brubertisnv@va.gov,8/7/1939
861,Donavon,Addekin,daddekinnw@pcworld.com,4/16/1969
862,Harald,Coaker,hcoakernx@blogspot.com,8/30/1993
863,Brenn,Tydd,btyddny@shutterfly.com,6/1/1955
864,Margot,Ashness,mashnessnz@nydailynews.com,8/1/1946
865,Irwinn,Bradnick,ibradnicko0@uiuc.edu,2/3/1945
866,Alberik,Please,apleaseo1@marketwatch.com,9/30/1978
867,North,Madden,nmaddeno2@dedecms.com,12/14/1942
868,Thurstan,Woolveridge,twoolveridgeo3@nifty.com,10/31/1989
869,Dreddy,Brayfield,dbrayfieldo4@archive.org,6/30/1936
870,Cordelia,Rasper,craspero5@sphinn.com,7/14/1950
871,Dennet,Carff,dcarffo6@icq.com,1/2/1995
872,Worthington,Alenichev,walenichevo7@newyorker.com,7/7/1943
873,Peder,Augustine,paugustineo8@myspace.com,8/23/1996
874,Hollyanne,Sliney,hslineyo9@disqus.com,2/27/1938
875,Yardley,Mowne,ymowneoa@eventbrite.com,3/9/1951
876,Issy,Brabin,ibrabinob@globo.com,7/19/1962
877,Sloane,Bolwell,sbolwelloc@xinhuanet.com,3/10/1949
878,Bibbie,Worham,bworhamod@java.com,8/4/1996
879,Halette,Wickenden,hwickendenoe@patch.com,1/19/1988
880,Blake,Gethings,bgethingsof@sciencedirect.com,7/8/1982
881,Tuesday,Wait,twaitog@bloglines.com,10/24/1962
882,Tallia,Boscher,tboscheroh@wordpress.com,5/8/1958
883,Emalee,Collopy,ecollopyoi@miitbeian.gov.cn,10/21/1944
884,Patric,Daniely,pdanielyoj@friendfeed.com,11/9/1995
885,Jarvis,Frowd,jfrowdok@google.ru,1/3/1996
886,Marris,Philpotts,mphilpottsol@oracle.com,1/6/1997
887,Jena,Selesnick,jselesnickom@alexa.com,2/18/1997
888,Ingamar,Barfoot,ibarfooton@rakuten.co.jp,7/14/1987
889,Ninnetta,Boddam,nboddamoo@wiley.com,10/26/1937
890,Bay,Poolman,bpoolmanop@clickbank.net,12/13/1939
891,Cati,Sinclair,csinclairoq@devhub.com,12/25/1960
892,Kerrie,Voaden,kvoadenor@un.org,7/28/1991
893,Alison,Smithin,asmithinos@edublogs.org,4/24/1954
894,Crista,Bucher,cbucherot@alibaba.com,2/27/1989
895,Appolonia,Mouat,amouatou@wordpress.org,6/27/1941
896,Adina,Giorgio,agiorgioov@histats.com,10/1/1942
897,Raimondo,Piegrome,rpiegromeow@harvard.edu,9/19/1934
898,Obidiah,Slott,oslottox@flavors.me,9/17/1996
899,Pippy,Vitte,pvitteoy@cisco.com,10/12/1936
900,Carina,Oxlade,coxladeoz@webnode.com,4/28/1939
901,Lief,Dixie,ldixiep0@acquirethisname.com,12/5/1977
902,Myron,Fawks,mfawksp1@smh.com.au,9/5/1992
903,Niki,Oleksinski,noleksinskip2@globo.com,11/29/1937
904,Thadeus,Artingstall,tartingstallp3@va.gov,4/30/1966
905,Carolyne,Robjents,crobjentsp4@cam.ac.uk,12/28/1989
906,Danyelle,Vaillant,dvaillantp5@webeden.co.uk,6/9/1979
907,Basia,Bellingham,bbellinghamp6@icq.com,4/19/1957
908,Carr,Paszek,cpaszekp7@answers.com,12/26/1947
909,Isobel,Potes,ipotesp8@a8.net,11/8/1947
910,Gabey,Varne,gvarnep9@marriott.com,10/18/1982
911,Levi,Tabbitt,ltabbittpa@skype.com,2/5/1958
912,Misha,Shearn,mshearnpb@foxnews.com,1/30/1996
913,Linn,Vlasov,lvlasovpc@ycombinator.com,6/22/1936
914,Alina,Arundel,aarundelpd@mlb.com,8/29/1979
915,Prudence,Gallardo,pgallardope@examiner.com,9/14/1937
916,Wanids,Kolakovic,wkolakovicpf@wikipedia.org,3/22/1988
917,Annabella,Mosdell,amosdellpg@thetimes.co.uk,3/11/1970
918,Dre,De Blasi,ddeblasiph@mozilla.org,8/6/1985
919,Cordie,Trinkwon,ctrinkwonpi@ocn.ne.jp,11/16/1936
920,Marin,Harriot,mharriotpj@nsw.gov.au,2/19/1976
921,Marve,Fielder,mfielderpk@ftc.gov,7/10/1973
922,Jania,Orrell,jorrellpl@whitehouse.gov,1/14/1938
923,Odelia,Fergyson,ofergysonpm@godaddy.com,7/3/1944
924,Ileane,Cockran,icockranpn@msu.edu,8/7/1991
925,Angela,Havercroft,ahavercroftpo@jimdo.com,2/16/1998
926,Nester,De Avenell,ndeavenellpp@oracle.com,11/13/1956
927,Selena,Beckingham,sbeckinghampq@admin.ch,6/9/1945
928,Sybil,Grestye,sgrestyepr@typepad.com,1/8/1937
929,Rriocard,Trayling,rtraylingps@shop-pro.jp,11/9/1947
930,Jarid,McPhilemy,jmcphilemypt@privacy.gov.au,3/11/1954
931,Neron,Legh,nleghpu@nydailynews.com,3/16/1962
932,Micky,Gritten,mgrittenpv@chronoengine.com,12/9/1960
933,Deidre,Armes,darmespw@yelp.com,7/23/1938
934,Toddie,Morgan,tmorganpx@diigo.com,9/27/1937
935,Frederigo,Marchiso,fmarchisopy@auda.org.au,7/12/1989
936,Arin,Gilroy,agilroypz@slashdot.org,3/22/1968
937,Hastings,Dunbavin,hdunbavinq0@csmonitor.com,10/20/1948
938,Hilly,Kirkam,hkirkamq1@csmonitor.com,3/2/1991
939,Nickey,Mark,nmarkq2@flickr.com,2/6/1995
940,Dotti,Cuttler,dcuttlerq3@latimes.com,2/23/1949
941,Armin,Hellen,ahellenq4@irs.gov,11/28/1972
942,Emelyne,Grodden,egroddenq5@blog.com,2/28/1938
943,Jozef,Cloughton,jcloughtonq6@mit.edu,9/22/1976
944,Tiphany,Stoneman,tstonemanq7@reddit.com,9/11/1975
945,Shanan,Amoss,samossq8@vistaprint.com,10/17/1995
946,Westleigh,Cornbell,wcornbellq9@virginia.edu,12/20/1950
947,Aland,Cuffe,acuffeqa@youtube.com,10/21/1965
948,Erroll,Abeau,eabeauqb@dailymail.co.uk,5/18/1938
949,Henry,Vescovini,hvescoviniqc@cdc.gov,8/27/1968
950,Meade,Skull,mskullqd@hibu.com,1/16/1936
951,Bonnibelle,Sidle,bsidleqe@shareasale.com,5/15/1978
952,Kirsteni,Haldene,khaldeneqf@dedecms.com,1/1/1981
953,Ringo,Huxstep,rhuxstepqg@umn.edu,3/5/1956
954,Karlan,Varne,kvarneqh@fda.gov,9/25/1968
955,Grier,Enoch,genochqi@mapy.cz,9/6/1947
956,Westbrooke,Esom,wesomqj@apple.com,4/29/1964
957,Konstantin,Blethyn,kblethynqk@amazonaws.com,6/29/1957
958,Glen,Cucinotta,gcucinottaql@miibeian.gov.cn,11/4/1970
959,Terri,Jarrel,tjarrelqm@ning.com,6/8/1939
960,Janie,Margeram,jmargeramqn@amazon.de,9/8/1948
961,Rodd,Danbi,rdanbiqo@gmpg.org,9/9/1984
962,Morley,Kerfut,mkerfutqp@who.int,2/1/1941
963,Joellen,Jordi,jjordiqq@photobucket.com,12/17/1934
964,Dur,Songust,dsongustqr@ox.ac.uk,9/13/1987
965,Sterling,McSweeney,smcsweeneyqs@geocities.com,4/19/1975
966,Sheela,MacGibbon,smacgibbonqt@wikimedia.org,3/1/1948
967,Aurilia,Pipping,apippingqu@sourceforge.net,12/2/1944
968,Jillian,Lindsley,jlindsleyqv@ovh.net,4/26/1964
969,Madelina,Sollam,msollamqw@shareasale.com,7/1/1963
970,Park,Dubery,pduberyqx@usgs.gov,9/7/1982
971,Licha,MacAlpyne,lmacalpyneqy@sun.com,6/19/1988
972,Sibyl,O'Bruen,sobruenqz@mashable.com,5/7/1972
973,Hakim,Jouannot,hjouannotr0@domainmarket.com,1/2/1986
974,Izabel,Leele,ileeler1@vistaprint.com,7/6/1961
975,Chlo,Royson,croysonr2@homestead.com,4/9/1937
976,Brennen,Strother,bstrotherr3@yellowbook.com,2/12/1965
977,Annalise,Rubinowitsch,arubinowitschr4@europa.eu,10/14/1997
978,Karina,Vaugham,kvaughamr5@howstuffworks.com,3/26/1960
979,Coraline,Groger,cgrogerr6@ask.com,6/29/1970
980,Enrika,Mathieson,emathiesonr7@mediafire.com,5/30/1964
981,Shaun,Sharer,ssharerr8@addtoany.com,3/13/1962
982,Jess,Worwood,jworwoodr9@twitpic.com,2/4/1998
983,Derward,De la Harpe,ddelaharpera@vkontakte.ru,9/5/1957
984,Carmon,Wyllie,cwyllierb@oaic.gov.au,1/2/1950
985,Sascha,Heinig,sheinigrc@dropbox.com,12/3/1938
986,Amby,Barnsdall,abarnsdallrd@1688.com,11/7/1987
987,Jillana,Culshaw,jculshawre@behance.net,2/5/1960
988,Alida,Fredson,afredsonrf@instagram.com,10/26/1942
989,Emelda,Meynell,emeynellrg@zimbio.com,11/29/1966
990,Estrella,Klulisek,eklulisekrh@digg.com,4/2/1961
991,Clive,Dodsworth,cdodsworthri@slate.com,10/28/1974
992,Arlan,Currum,acurrumrj@jimdo.com,4/22/1975
993,Andros,Caller,acallerrk@fc2.com,3/23/1953
994,Alyssa,Ahrenius,aahreniusrl@samsung.com,6/5/1985
995,Caroline,Clissett,cclissettrm@chron.com,10/15/1976
996,Daloris,Florey,dfloreyrn@wikimedia.org,4/12/1982
997,Shela,Jarville,sjarvillero@360.cn,2/17/1998
998,Mala,Fredson,mfredsonrp@samsung.com,7/11/1934
999,Sena,Stump,sstumprq@tinyurl.com,5/22/1952
1000,Issy,Portingale,iportingalerr@mail.ru,11/30/1983
